{"cameraMode":{"drawMode":0,"name":"Shaded","section":"Shading Mode"},"sceneLighting":true,"audioPlay":false,"sceneViewState":{"showFog":true,"showMaterialUpdate":false,"showSkybox":true,"showFlares":true,"showImageEffects":true,"showParticleSystems":true},"in2DMode":false,"pivot":{"x":1.2996711730957032,"y":11.195043563842774,"z":12.132131576538086},"rotation":{"x":0.1397319883108139,"y":0.6511549949645996,"z":-0.12384006381034851,"w":0.7356194257736206},"size":60.35685348510742,"orthographic":false}