{"cameraMode":{"drawMode":0,"name":"Shaded","section":"Shading Mode"},"sceneLighting":false,"audioPlay":false,"sceneViewState":{"showFog":true,"showMaterialUpdate":false,"showSkybox":true,"showFlares":true,"showImageEffects":true,"showParticleSystems":true},"in2DMode":false,"pivot":{"x":6.093398571014404,"y":-3.0576038360595705,"z":6.416168212890625},"rotation":{"x":-0.029682759195566179,"y":0.9213071465492249,"z":-0.38099056482315066,"w":-0.07182057946920395},"size":11.223278999328614,"orthographic":false}