{"cameraMode":{"drawMode":0,"name":"Shaded","section":"Shading Mode"},"sceneLighting":true,"audioPlay":false,"sceneViewState":{"showFog":true,"showMaterialUpdate":false,"showSkybox":true,"showFlares":true,"showImageEffects":true,"showParticleSystems":true},"in2DMode":false,"pivot":{"x":68.70028686523438,"y":12.162450790405274,"z":-1.1621661186218262},"rotation":{"x":-0.23997022211551667,"y":-0.5773856043815613,"z":0.18259197473526,"w":-0.7587491869926453},"size":22.487974166870118,"orthographic":false}