{"cameraMode":{"drawMode":0,"name":"Shaded","section":"Shading Mode"},"sceneLighting":true,"audioPlay":false,"sceneViewState":{"showFog":true,"showMaterialUpdate":false,"showSkybox":true,"showFlares":true,"showImageEffects":true,"showParticleSystems":true},"in2DMode":false,"pivot":{"x":16.18202018737793,"y":4.827182769775391,"z":-0.05511140823364258},"rotation":{"x":0.2961328625679016,"y":0.4017893373966217,"z":-0.13911771774291993,"w":0.8552876114845276},"size":11.138557434082032,"orthographic":false}