{"cameraMode":{"drawMode":0,"name":"Shaded","section":"Shading Mode"},"sceneLighting":true,"audioPlay":false,"sceneViewState":{"showFog":true,"showMaterialUpdate":false,"showSkybox":true,"showFlares":true,"showImageEffects":true,"showParticleSystems":true},"in2DMode":false,"pivot":{"x":-3.340740203857422,"y":-8.3480863571167,"z":-12.77426528930664},"rotation":{"x":-0.05857853963971138,"y":0.9408056139945984,"z":-0.25460371375083926,"w":-0.21594060957431794},"size":21.334320068359376,"orthographic":false}