{"cameraMode":{"drawMode":0,"name":"Shaded","section":"Shading Mode"},"sceneLighting":false,"audioPlay":false,"sceneViewState":{"showFog":true,"showMaterialUpdate":false,"showSkybox":true,"showFlares":true,"showImageEffects":true,"showParticleSystems":true},"in2DMode":false,"pivot":{"x":3.706550359725952,"y":1.6791859865188599,"z":0.1385345458984375},"rotation":{"x":-0.008150346577167511,"y":0.9882509708404541,"z":-0.05700509995222092,"w":-0.1415771096944809},"size":11.223278999328614,"orthographic":false}