{"cameraMode":{"drawMode":0,"name":"Shaded","section":"Shading Mode"},"sceneLighting":false,"audioPlay":false,"sceneViewState":{"showFog":true,"showMaterialUpdate":false,"showSkybox":true,"showFlares":true,"showImageEffects":true,"showParticleSystems":true},"in2DMode":false,"pivot":{"x":594.513916015625,"y":448.809814453125,"z":-0.0733184814453125},"rotation":{"x":-0.049406297504901889,"y":-0.05391894653439522,"z":0.0026755037251859905,"w":-0.997318685054779},"size":233.34524536132813,"orthographic":false}