{"cameraMode":{"drawMode":0,"name":"Shaded","section":"Shading Mode"},"sceneLighting":false,"audioPlay":false,"sceneViewState":{"showFog":true,"showMaterialUpdate":false,"showSkybox":true,"showFlares":true,"showImageEffects":true,"showParticleSystems":true},"in2DMode":false,"pivot":{"x":5.744057655334473,"y":-3.0843400955200197,"z":6.313701152801514},"rotation":{"x":0.03357972949743271,"y":0.8037106990814209,"z":-0.5923243165016174,"w":0.045535795390605929},"size":6.987669467926025,"orthographic":false}