{"cameraMode":{"drawMode":0,"name":"Shaded","section":"Shading Mode"},"sceneLighting":true,"audioPlay":false,"sceneViewState":{"showFog":true,"showMaterialUpdate":false,"showSkybox":true,"showFlares":true,"showImageEffects":true,"showParticleSystems":true},"in2DMode":false,"pivot":{"x":32.019161224365237,"y":9.317264556884766,"z":5.3383941650390629},"rotation":{"x":0.048029910773038867,"y":-0.10430080443620682,"z":0.005060215480625629,"w":0.9933725595474243},"size":81.16832733154297,"orthographic":false}