{"cameraMode":{"drawMode":0,"name":"Shaded","section":"Shading Mode"},"sceneLighting":false,"audioPlay":false,"sceneViewState":{"showFog":true,"showMaterialUpdate":false,"showSkybox":true,"showFlares":true,"showImageEffects":true,"showParticleSystems":true},"in2DMode":false,"pivot":{"x":5.359877586364746,"y":-1.0764753818511963,"z":4.853694438934326},"rotation":{"x":-0.08658181130886078,"y":0.8547053337097168,"z":-0.4889428913593292,"w":-0.15138453245162965},"size":7.3328166007995609,"orthographic":false}