{"cameraMode":{"drawMode":0,"name":"Shaded","section":"Shading Mode"},"sceneLighting":false,"audioPlay":false,"sceneViewState":{"showFog":true,"showMaterialUpdate":false,"showSkybox":true,"showFlares":true,"showImageEffects":true,"showParticleSystems":true},"in2DMode":false,"pivot":{"x":20.149824142456056,"y":2.247955799102783,"z":6.197854042053223},"rotation":{"x":-0.015241793356835842,"y":-0.65321284532547,"z":0.013131214305758477,"w":-0.756907045841217},"size":25.273296356201173,"orthographic":false}