{"cameraMode":{"drawMode":0,"name":"Shaded","section":"Shading Mode"},"sceneLighting":false,"audioPlay":false,"sceneViewState":{"showFog":true,"showMaterialUpdate":false,"showSkybox":true,"showFlares":true,"showImageEffects":true,"showParticleSystems":true},"in2DMode":false,"pivot":{"x":10.299970626831055,"y":5.960086345672607,"z":-5.731782913208008},"rotation":{"x":0.0017457796493545175,"y":0.9978306889533997,"z":-0.0587504543364048,"w":0.02965422347187996},"size":2.3785715103149416,"orthographic":false}