{"cameraMode":{"drawMode":0,"name":"Shaded","section":"Shading Mode"},"sceneLighting":false,"audioPlay":false,"sceneViewState":{"showFog":true,"showMaterialUpdate":false,"showSkybox":true,"showFlares":true,"showImageEffects":true,"showParticleSystems":true},"in2DMode":false,"pivot":{"x":6.277179718017578,"y":1.1250765323638917,"z":7.272660732269287},"rotation":{"x":0.049277130514383319,"y":0.4115467369556427,"z":0.022433588281273843,"w":-0.9097790122032166},"size":4.739264488220215,"orthographic":false}