{"cameraMode":{"drawMode":0,"name":"Shaded","section":"Shading Mode"},"sceneLighting":false,"audioPlay":false,"sceneViewState":{"showFog":true,"showMaterialUpdate":false,"showSkybox":true,"showFlares":true,"showImageEffects":true,"showParticleSystems":true},"in2DMode":false,"pivot":{"x":2399.869873046875,"y":2108.498779296875,"z":-0.13080477714538575},"rotation":{"x":0.02064463309943676,"y":-0.9722443222999573,"z":0.09425269812345505,"w":0.2131461650133133},"size":3.3748555183410646,"orthographic":false}