{"cameraMode":{"drawMode":0,"name":"Shaded","section":"Shading Mode"},"sceneLighting":true,"audioPlay":false,"sceneViewState":{"showFog":true,"showMaterialUpdate":false,"showSkybox":true,"showFlares":true,"showImageEffects":true,"showParticleSystems":true},"in2DMode":false,"pivot":{"x":5.039639949798584,"y":2.603646993637085,"z":-6.6276116371154789},"rotation":{"x":-0.015912428498268129,"y":0.9622489809989929,"z":-0.265625923871994,"w":-0.0571553036570549},"size":1.3723070621490479,"orthographic":false}