{"cameraMode":{"drawMode":0,"name":"Shaded","section":"Shading Mode"},"sceneLighting":false,"audioPlay":false,"sceneViewState":{"showFog":true,"showMaterialUpdate":false,"showSkybox":true,"showFlares":true,"showImageEffects":true,"showParticleSystems":true},"in2DMode":false,"pivot":{"x":18.755891799926759,"y":-3.8420536518096926,"z":0.16761183738708497},"rotation":{"x":-0.21576887369155885,"y":-0.7745078802108765,"z":0.3450460135936737,"w":-0.48427754640579226},"size":10.067703247070313,"orthographic":false}