{"cameraMode":{"drawMode":0,"name":"Shaded","section":"Shading Mode"},"sceneLighting":true,"audioPlay":false,"sceneViewState":{"showFog":true,"showMaterialUpdate":false,"showSkybox":true,"showFlares":true,"showImageEffects":true,"showParticleSystems":true},"in2DMode":false,"pivot":{"x":10.574155807495118,"y":2.6828365325927736,"z":-3.9509243965148927},"rotation":{"x":-0.011133110150694847,"y":0.9643968343734741,"z":-0.2610059976577759,"w":-0.04111857712268829},"size":10.057267189025879,"orthographic":false}