{"cameraMode":{"drawMode":0,"name":"Shaded","section":"Shading Mode"},"sceneLighting":false,"audioPlay":false,"sceneViewState":{"showFog":true,"showMaterialUpdate":false,"showSkybox":true,"showFlares":true,"showImageEffects":true,"showParticleSystems":true},"in2DMode":false,"pivot":{"x":1563.9813232421875,"y":2187.115966796875,"z":0.0},"rotation":{"x":0.006721897050738335,"y":-0.9658500552177429,"z":0.02525528147816658,"w":0.25778043270111086},"size":3.2587532997131349,"orthographic":false}