{"cameraMode":{"drawMode":0,"name":"Shaded","section":"Shading Mode"},"sceneLighting":false,"audioPlay":false,"sceneViewState":{"showFog":true,"showMaterialUpdate":false,"showSkybox":true,"showFlares":true,"showImageEffects":true,"showParticleSystems":true},"in2DMode":false,"pivot":{"x":5.339047431945801,"y":-1.1682548522949219,"z":6.67193078994751},"rotation":{"x":0.005564427934587002,"y":0.9939687848091126,"z":-0.06032593548297882,"w":0.09141083806753159},"size":3.483280658721924,"orthographic":false}