{"cameraMode":{"drawMode":0,"name":"Shaded","section":"Shading Mode"},"sceneLighting":false,"audioPlay":false,"sceneViewState":{"showFog":true,"showMaterialUpdate":false,"showSkybox":true,"showFlares":true,"showImageEffects":true,"showParticleSystems":true},"in2DMode":false,"pivot":{"x":8.369989395141602,"y":7.999998569488525,"z":-0.000001430511474609375},"rotation":{"x":0.029597435146570207,"y":0.3661518692970276,"z":-0.011637692339718342,"w":0.930011510848999},"size":60.55751419067383,"orthographic":false}