{"cameraMode":{"drawMode":0,"name":"Shaded","section":"Shading Mode"},"sceneLighting":false,"audioPlay":false,"sceneViewState":{"showFog":true,"showMaterialUpdate":false,"showSkybox":true,"showFlares":true,"showImageEffects":true,"showParticleSystems":true},"in2DMode":false,"pivot":{"x":15.068002700805664,"y":7.77949857711792,"z":2.5687990188598635},"rotation":{"x":-0.1136149987578392,"y":-0.8042447566986084,"z":0.16311848163604737,"w":-0.5600665211677551},"size":19.789634704589845,"orthographic":false}