{"cameraMode":{"drawMode":0,"name":"Shaded","section":"Shading Mode"},"sceneLighting":false,"audioPlay":false,"sceneViewState":{"showFog":true,"showMaterialUpdate":false,"showSkybox":true,"showFlares":true,"showImageEffects":true,"showParticleSystems":true},"in2DMode":false,"pivot":{"x":5.869386672973633,"y":-2.019920825958252,"z":7.066711902618408},"rotation":{"x":0.02700376696884632,"y":0.7477994561195374,"z":-0.662676215171814,"w":0.030447661876678468},"size":6.987669467926025,"orthographic":false}