{"cameraMode":{"drawMode":0,"name":"Shaded","section":"Shading Mode"},"sceneLighting":true,"audioPlay":false,"sceneViewState":{"showFog":true,"showMaterialUpdate":false,"showSkybox":true,"showFlares":true,"showImageEffects":true,"showParticleSystems":true},"in2DMode":false,"pivot":{"x":-20.587646484375,"y":-2.258509635925293,"z":-14.668167114257813},"rotation":{"x":-0.061473120003938678,"y":0.822873592376709,"z":-0.09072613716125488,"w":-0.5575562119483948},"size":38.76511001586914,"orthographic":false}