{"cameraMode":{"drawMode":0,"name":"Shaded","section":"Shading Mode"},"sceneLighting":false,"audioPlay":false,"sceneViewState":{"showFog":true,"showMaterialUpdate":false,"showSkybox":true,"showFlares":true,"showImageEffects":true,"showParticleSystems":true},"in2DMode":false,"pivot":{"x":23.172956466674806,"y":7.424930572509766,"z":-4.173511505126953},"rotation":{"x":-0.08148381859064102,"y":-0.8450739979743958,"z":0.13473862409591676,"w":-0.5109362602233887},"size":28.76077651977539,"orthographic":false}