{"cameraMode":{"drawMode":0,"name":"Shaded","section":"Shading Mode"},"sceneLighting":false,"audioPlay":false,"sceneViewState":{"showFog":true,"showMaterialUpdate":false,"showSkybox":true,"showFlares":true,"showImageEffects":true,"showParticleSystems":true},"in2DMode":false,"pivot":{"x":1.4199998378753663,"y":0.49999821186065676,"z":3.3499999046325685},"rotation":{"x":-0.13925404846668244,"y":0.8458197712898254,"z":-0.26781967282295229,"w":-0.4398520886898041},"size":15.550956726074219,"orthographic":false}