{"cameraMode":{"drawMode":0,"name":"Shaded","section":"Shading Mode"},"sceneLighting":false,"audioPlay":false,"sceneViewState":{"showFog":true,"showMaterialUpdate":false,"showSkybox":true,"showFlares":true,"showImageEffects":true,"showParticleSystems":true},"in2DMode":false,"pivot":{"x":22.084320068359376,"y":0.6588403582572937,"z":3.0852928161621095},"rotation":{"x":0.0006422065198421478,"y":-0.6702117919921875,"z":-0.0006026627961546183,"w":-0.7421693801879883},"size":20.505016326904298,"orthographic":false}