{"cameraMode":{"drawMode":0,"name":"Shaded","section":"Shading Mode"},"sceneLighting":false,"audioPlay":false,"sceneViewState":{"showFog":true,"showMaterialUpdate":false,"showSkybox":true,"showFlares":true,"showImageEffects":true,"showParticleSystems":true},"in2DMode":false,"pivot":{"x":5.709071636199951,"y":-8.61060905456543,"z":5.860662937164307},"rotation":{"x":-0.08846229314804077,"y":0.7329854369163513,"z":-0.6674306988716126,"w":-0.09717550128698349},"size":10.61689567565918,"orthographic":false}