{"cameraMode":{"drawMode":0,"name":"Shaded","section":"Shading Mode"},"sceneLighting":false,"audioPlay":false,"sceneViewState":{"showFog":true,"showMaterialUpdate":false,"showSkybox":true,"showFlares":true,"showImageEffects":true,"showParticleSystems":true},"in2DMode":false,"pivot":{"x":10.136434555053711,"y":0.4614242613315582,"z":10.687334060668946},"rotation":{"x":-0.055787425488233569,"y":0.7332974672317505,"z":-0.0604216605424881,"w":-0.67491614818573},"size":7.580198287963867,"orthographic":false}