{"cameraMode":{"drawMode":0,"name":"Shaded","section":"Shading Mode"},"sceneLighting":true,"audioPlay":false,"sceneViewState":{"showFog":true,"showMaterialUpdate":false,"showSkybox":true,"showFlares":true,"showImageEffects":true,"showParticleSystems":true},"in2DMode":false,"pivot":{"x":15.290607452392579,"y":15.811384201049805,"z":-3.707318067550659},"rotation":{"x":-0.014543735422194004,"y":0.9044415354728699,"z":0.03093579411506653,"w":0.4252258837223053},"size":12.024048805236817,"orthographic":false}