{"cameraMode":{"drawMode":0,"name":"Shaded","section":"Shading Mode"},"sceneLighting":true,"audioPlay":false,"sceneViewState":{"showFog":true,"showMaterialUpdate":false,"showSkybox":true,"showFlares":true,"showImageEffects":true,"showParticleSystems":true},"in2DMode":false,"pivot":{"x":13.890260696411133,"y":7.363640308380127,"z":-11.105298042297364},"rotation":{"x":0.01920800656080246,"y":0.96641606092453,"z":-0.07584699988365174,"w":0.2447822391986847},"size":13.391632080078125,"orthographic":false}