{"cameraMode":{"drawMode":0,"name":"Shaded","section":"Shading Mode"},"sceneLighting":false,"audioPlay":false,"sceneViewState":{"showFog":true,"showMaterialUpdate":false,"showSkybox":true,"showFlares":true,"showImageEffects":true,"showParticleSystems":true},"in2DMode":false,"pivot":{"x":13.056218147277832,"y":1.7016054391860963,"z":-0.0795174241065979},"rotation":{"x":0.05298573896288872,"y":0.9152780175209045,"z":-0.3781700134277344,"w":0.12824222445487977},"size":1.0705986022949219,"orthographic":false}