{"cameraMode":{"drawMode":0,"name":"Shaded","section":"Shading Mode"},"sceneLighting":false,"audioPlay":false,"sceneViewState":{"showFog":true,"showMaterialUpdate":false,"showSkybox":true,"showFlares":true,"showImageEffects":true,"showParticleSystems":true},"in2DMode":false,"pivot":{"x":-23.730709075927736,"y":1.7278125286102296,"z":0.3751535415649414},"rotation":{"x":-0.22223339974880219,"y":-0.018885457888245584,"z":0.004287806339561939,"w":-0.9748011827468872},"size":27.411949157714845,"orthographic":false}