{"cameraMode":{"drawMode":0,"name":"Shaded","section":"Shading Mode"},"sceneLighting":false,"audioPlay":false,"sceneViewState":{"showFog":true,"showMaterialUpdate":false,"showSkybox":true,"showFlares":true,"showImageEffects":true,"showParticleSystems":true},"in2DMode":false,"pivot":{"x":-0.15861639380455018,"y":1.4651963710784913,"z":-2.828125},"rotation":{"x":-0.07476995885372162,"y":0.8689921498298645,"z":-0.13823464512825013,"w":-0.46920502185821535},"size":1.717589259147644,"orthographic":false}