{"cameraMode":{"drawMode":0,"name":"Shaded","section":"Shading Mode"},"sceneLighting":false,"audioPlay":false,"sceneViewState":{"showFog":true,"showMaterialUpdate":false,"showSkybox":true,"showFlares":true,"showImageEffects":true,"showParticleSystems":true},"in2DMode":false,"pivot":{"x":6.173099040985107,"y":1.9770106077194214,"z":6.35635232925415},"rotation":{"x":0.34642136096954348,"y":-0.5040614604949951,"z":0.23077063262462617,"w":0.7567424178123474},"size":4.666906356811523,"orthographic":false}