{"cameraMode":{"drawMode":0,"name":"Shaded","section":"Shading Mode"},"sceneLighting":false,"audioPlay":false,"sceneViewState":{"showFog":true,"showMaterialUpdate":false,"showSkybox":true,"showFlares":true,"showImageEffects":true,"showParticleSystems":true},"in2DMode":false,"pivot":{"x":13.198973655700684,"y":1.6821446418762208,"z":0.2617603540420532},"rotation":{"x":0.021400252357125284,"y":0.9753922820091248,"z":-0.1899273842573166,"w":0.10990697890520096},"size":1.6705985069274903,"orthographic":false}