{"cameraMode":{"drawMode":0,"name":"Shaded","section":"Shading Mode"},"sceneLighting":false,"audioPlay":false,"sceneViewState":{"showFog":true,"showMaterialUpdate":false,"showSkybox":true,"showFlares":true,"showImageEffects":true,"showParticleSystems":true},"in2DMode":false,"pivot":{"x":-5.167759418487549,"y":2.2117819786071779,"z":-0.3244614601135254},"rotation":{"x":-0.07476995885372162,"y":0.8689921498298645,"z":-0.13823464512825013,"w":-0.46920502185821535},"size":7.591753959655762,"orthographic":false}