{"cameraMode":{"drawMode":0,"name":"Shaded","section":"Shading Mode"},"sceneLighting":true,"audioPlay":false,"sceneViewState":{"showFog":true,"showMaterialUpdate":false,"showSkybox":true,"showFlares":true,"showImageEffects":true,"showParticleSystems":true},"in2DMode":false,"pivot":{"x":21.471721649169923,"y":13.151969909667969,"z":0.066070556640625},"rotation":{"x":0.015538697130978108,"y":-0.9829667806625366,"z":0.09943711012601853,"w":0.15377652645111085},"size":109.18670654296875,"orthographic":false}