{"cameraMode":{"drawMode":0,"name":"Shaded","section":"Shading Mode"},"sceneLighting":true,"audioPlay":false,"sceneViewState":{"showFog":true,"showMaterialUpdate":false,"showSkybox":true,"showFlares":true,"showImageEffects":true,"showParticleSystems":true},"in2DMode":false,"pivot":{"x":539.5621337890625,"y":381.1475830078125,"z":40.1383056640625},"rotation":{"x":-0.028800517320632936,"y":-0.026703018695116044,"z":0.0007802461041137576,"w":-0.9992281794548035},"size":1026.632568359375,"orthographic":false}