{"cameraMode":{"drawMode":0,"name":"Shaded","section":"Shading Mode"},"sceneLighting":false,"audioPlay":false,"sceneViewState":{"showFog":true,"showMaterialUpdate":false,"showSkybox":true,"showFlares":true,"showImageEffects":true,"showParticleSystems":true},"in2DMode":false,"pivot":{"x":4.857639312744141,"y":0.4044833183288574,"z":7.1528120040893559},"rotation":{"x":0.19706584513187409,"y":0.23312893509864808,"z":-0.04828949272632599,"w":0.9510437250137329},"size":4.666906356811523,"orthographic":false}