{"cameraMode":{"drawMode":0,"name":"Shaded","section":"Shading Mode"},"sceneLighting":false,"audioPlay":false,"sceneViewState":{"showFog":true,"showMaterialUpdate":false,"showSkybox":true,"showFlares":true,"showImageEffects":true,"showParticleSystems":true},"in2DMode":false,"pivot":{"x":5.871329307556152,"y":0.41394364833831789,"z":6.628664970397949},"rotation":{"x":0.19706584513187409,"y":0.23312893509864808,"z":-0.04828949272632599,"w":0.9510437250137329},"size":4.066905975341797,"orthographic":false}