{"cameraMode":{"drawMode":0,"name":"Shaded","section":"Shading Mode"},"sceneLighting":false,"audioPlay":false,"sceneViewState":{"showFog":true,"showMaterialUpdate":false,"showSkybox":true,"showFlares":true,"showImageEffects":true,"showParticleSystems":true},"in2DMode":false,"pivot":{"x":3.125159502029419,"y":1.6042026281356812,"z":-2.384185791015625e-7},"rotation":{"x":-0.07476995885372162,"y":0.8689921498298645,"z":-0.13823464512825013,"w":-0.46920502185821535},"size":9.586468696594239,"orthographic":false}