{"cameraMode":{"drawMode":0,"name":"Shaded","section":"Shading Mode"},"sceneLighting":false,"audioPlay":false,"sceneViewState":{"showFog":true,"showMaterialUpdate":false,"showSkybox":true,"showFlares":true,"showImageEffects":true,"showParticleSystems":true},"in2DMode":false,"pivot":{"x":15.833096504211426,"y":-5.871654987335205,"z":2.501160144805908},"rotation":{"x":-0.4593334197998047,"y":-0.5376284718513489,"z":0.4594041407108307,"w":-0.5375093221664429},"size":10.949702262878418,"orthographic":false}