{"cameraMode":{"drawMode":0,"name":"Shaded","section":"Shading Mode"},"sceneLighting":false,"audioPlay":false,"sceneViewState":{"showFog":true,"showMaterialUpdate":false,"showSkybox":true,"showFlares":true,"showImageEffects":true,"showParticleSystems":true},"in2DMode":false,"pivot":{"x":6.093398571014404,"y":-3.0576038360595705,"z":6.416168212890625},"rotation":{"x":-0.010040920227766037,"y":0.8248566389083862,"z":-0.5650621056556702,"w":-0.014685734175145626},"size":7.226979732513428,"orthographic":false}