{"cameraMode":{"drawMode":0,"name":"Shaded","section":"Shading Mode"},"sceneLighting":true,"audioPlay":false,"sceneViewState":{"showFog":true,"showMaterialUpdate":false,"showSkybox":true,"showFlares":true,"showImageEffects":true,"showParticleSystems":true},"in2DMode":false,"pivot":{"x":1020.6332397460938,"y":524.9324951171875,"z":-24.32073974609375},"rotation":{"x":-0.013158557005226612,"y":0.06834986060857773,"z":0.000909500231500715,"w":0.9975742101669312},"size":449.76190185546877,"orthographic":false}