{"cameraMode":{"drawMode":0,"name":"Shaded","section":"Shading Mode"},"sceneLighting":false,"audioPlay":false,"sceneViewState":{"showFog":true,"showMaterialUpdate":false,"showSkybox":true,"showFlares":true,"showImageEffects":true,"showParticleSystems":true},"in2DMode":false,"pivot":{"x":15.73481559753418,"y":2.7606990337371828,"z":-0.058765411376953128},"rotation":{"x":-0.06398637592792511,"y":-0.9347190260887146,"z":0.271459698677063,"w":-0.22026295959949494},"size":17.599559783935548,"orthographic":false}