{"cameraMode":{"drawMode":0,"name":"Shaded","section":"Shading Mode"},"sceneLighting":false,"audioPlay":false,"sceneViewState":{"showFog":true,"showMaterialUpdate":false,"showSkybox":true,"showFlares":true,"showImageEffects":true,"showParticleSystems":true},"in2DMode":false,"pivot":{"x":5.079812049865723,"y":-0.14872503280639649,"z":6.9720611572265629},"rotation":{"x":-0.09207949042320252,"y":0.8972175121307373,"z":-0.369459331035614,"w":-0.2236558496952057},"size":4.983281135559082,"orthographic":false}