{"cameraMode":{"drawMode":0,"name":"Shaded","section":"Shading Mode"},"sceneLighting":false,"audioPlay":false,"sceneViewState":{"showFog":true,"showMaterialUpdate":false,"showSkybox":true,"showFlares":true,"showImageEffects":true,"showParticleSystems":true},"in2DMode":false,"pivot":{"x":13.056218147277832,"y":1.7016054391860963,"z":-0.0795174241065979},"rotation":{"x":0.052985742688179019,"y":0.9152780771255493,"z":-0.37817004323005679,"w":0.12824223935604096},"size":1.0705986022949219,"orthographic":false}