{"cameraMode":{"drawMode":0,"name":"Shaded","section":"Shading Mode"},"sceneLighting":false,"audioPlay":false,"sceneViewState":{"showFog":true,"showMaterialUpdate":false,"showSkybox":true,"showFlares":true,"showImageEffects":true,"showParticleSystems":true},"in2DMode":false,"pivot":{"x":282.1591491699219,"y":29.44316291809082,"z":-69.33551025390625},"rotation":{"x":0.2469971626996994,"y":0.16377896070480348,"z":-0.042397551238536838,"w":0.9541338682174683},"size":1596.6588134765625,"orthographic":false}