{"cameraMode":{"drawMode":0,"name":"Shaded","section":"Shading Mode"},"sceneLighting":true,"audioPlay":false,"sceneViewState":{"showFog":true,"showMaterialUpdate":false,"showSkybox":true,"showFlares":true,"showImageEffects":true,"showParticleSystems":true},"in2DMode":false,"pivot":{"x":16.52631378173828,"y":1.0,"z":-0.9417338371276856},"rotation":{"x":0.3795005977153778,"y":0.14623834192752839,"z":-0.06083926185965538,"w":0.9115329384803772},"size":12.548641204833985,"orthographic":false}