{"cameraMode":{"drawMode":0,"name":"Shaded","section":"Shading Mode"},"sceneLighting":false,"audioPlay":false,"sceneViewState":{"showFog":true,"showMaterialUpdate":false,"showSkybox":true,"showFlares":true,"showImageEffects":true,"showParticleSystems":true},"in2DMode":false,"pivot":{"x":6.56150484085083,"y":1.9089131355285645,"z":7.844836711883545},"rotation":{"x":-0.11642865091562271,"y":-0.623863697052002,"z":0.09468024969100952,"w":-0.7669903039932251},"size":5.270683765411377,"orthographic":false}