{"cameraMode":{"drawMode":0,"name":"Shaded","section":"Shading Mode"},"sceneLighting":false,"audioPlay":false,"sceneViewState":{"showFog":true,"showMaterialUpdate":false,"showSkybox":true,"showFlares":true,"showImageEffects":true,"showParticleSystems":true},"in2DMode":false,"pivot":{"x":3617.8046875,"y":2102.548828125,"z":-0.2450580596923828},"rotation":{"x":0.04936762899160385,"y":-0.9361693263053894,"z":0.14641742408275605,"w":0.3157717287540436},"size":3.3748555183410646,"orthographic":false}