{"cameraMode":{"drawMode":0,"name":"Shaded","section":"Shading Mode"},"sceneLighting":false,"audioPlay":false,"sceneViewState":{"showFog":true,"showMaterialUpdate":false,"showSkybox":true,"showFlares":true,"showImageEffects":true,"showParticleSystems":true},"in2DMode":false,"pivot":{"x":22.140422821044923,"y":4.748462200164795,"z":2.4659252166748049},"rotation":{"x":0.0006422065198421478,"y":-0.6702117919921875,"z":-0.0006026627961546183,"w":-0.7421693801879883},"size":17.859539031982423,"orthographic":false}