{"cameraMode":{"drawMode":0,"name":"Shaded","section":"Shading Mode"},"sceneLighting":false,"audioPlay":false,"sceneViewState":{"showFog":true,"showMaterialUpdate":false,"showSkybox":true,"showFlares":true,"showImageEffects":true,"showParticleSystems":true},"in2DMode":false,"pivot":{"x":-1.6374897956848145,"y":1.4854562282562256,"z":-1.385793685913086},"rotation":{"x":-0.07476995885372162,"y":0.8689921498298645,"z":-0.13823464512825013,"w":-0.46920502185821535},"size":12.003111839294434,"orthographic":false}