{"cameraMode":{"drawMode":0,"name":"Shaded","section":"Shading Mode"},"sceneLighting":false,"audioPlay":false,"sceneViewState":{"showFog":true,"showMaterialUpdate":false,"showSkybox":true,"showFlares":true,"showImageEffects":true,"showParticleSystems":true},"in2DMode":false,"pivot":{"x":5.079812049865723,"y":-0.14872503280639649,"z":6.9720611572265629},"rotation":{"x":-0.09935706108808518,"y":0.8419302105903626,"z":-0.5036738514900208,"w":-0.1661156266927719},"size":4.983281135559082,"orthographic":false}