{"cameraMode":{"drawMode":0,"name":"Shaded","section":"Shading Mode"},"sceneLighting":false,"audioPlay":false,"sceneViewState":{"showFog":true,"showMaterialUpdate":false,"showSkybox":true,"showFlares":true,"showImageEffects":true,"showParticleSystems":true},"in2DMode":false,"pivot":{"x":-0.7046947479248047,"y":2.0199999809265138,"z":-12.8100004196167},"rotation":{"x":0.06404455751180649,"y":-0.15052416920661927,"z":0.009659158997237683,"w":0.9864823818206787},"size":4.835821151733398,"orthographic":false}