{"cameraMode":{"drawMode":0,"name":"Shaded","section":"Shading Mode"},"sceneLighting":true,"audioPlay":false,"sceneViewState":{"showFog":true,"showMaterialUpdate":false,"showSkybox":true,"showFlares":true,"showImageEffects":true,"showParticleSystems":true},"in2DMode":false,"pivot":{"x":9.128911972045899,"y":1.1817975044250489,"z":-4.622198104858398},"rotation":{"x":-0.03477053716778755,"y":0.02126714587211609,"z":-0.9991687536239624,"w":-0.000737386813852936},"size":11.138557434082032,"orthographic":false}