{"cameraMode":{"drawMode":0,"name":"Shaded","section":"Shading Mode"},"sceneLighting":false,"audioPlay":false,"sceneViewState":{"showFog":true,"showMaterialUpdate":false,"showSkybox":true,"showFlares":true,"showImageEffects":true,"showParticleSystems":true},"in2DMode":false,"pivot":{"x":2.1189417839050295,"y":0.20811688899993897,"z":3.024930953979492},"rotation":{"x":-0.07476995885372162,"y":0.8689921498298645,"z":-0.13823464512825013,"w":-0.46920502185821535},"size":3.824561357498169,"orthographic":false}