{"cameraMode":{"drawMode":0,"name":"Shaded","section":"Shading Mode"},"sceneLighting":true,"audioPlay":false,"sceneViewState":{"showFog":true,"showMaterialUpdate":false,"showSkybox":true,"showFlares":true,"showImageEffects":true,"showParticleSystems":true},"in2DMode":false,"pivot":{"x":141.67526245117188,"y":-1.7143163681030274,"z":0.1820673942565918},"rotation":{"x":0.05054054036736488,"y":0.6943513751029968,"z":-0.04909086972475052,"w":0.7161787152290344},"size":117.80965423583985,"orthographic":false}